EID,NAME,ADDR1,ADDR2,CITY,PHONE,EMAIL,DOB,DOJ
I1001,Robbie GUPTA,SECTORD 7,Sundar Nagar,DELHI,110146694,rupta1@xyz.com,02-09-1990,16-03-2012
I1002,Sandey Sharma,SECTORD 2,KN,PUNE,372543417,sarma1@xyz.com,16-09-1995,16-03-2012
I1003,Ralu Sharma,SectorD 11,SN,DELHI,582032998,rarma131@xyz.com,17-03-2001,02-04-2012
I1004,Yolish Sharma,SectorD 11,Sundar Nagar,DELHI,255607665,yarma@xyz.com,26-09-1989,11-05-2012
I1005,Maneej Kumar,CC320,Green Park,DELHI,325868300,mumar@xyz.com,02-07-1985,08-11-2012
I1006,Rohan Galesam,AB32/620 Main Road,Sector 123,PUNE,168509868,resam@xyz.com,30-03-1992,11-05-2012
I1007,Kapilaa Sharma,Jayee Apartments Flat 3,Sector 712,PUNE,129340474,karma@xyz.com,29-09-1987,11-05-2012
I1008,Archeena Sharma,5H Karanshey,NL Road,PUNE,301839527,aarma1@xyz.com,11-05-1985,02-01-2013
I1009,Ranjeesh Golam,Flat No 4A,Rajapur Road,DEHRADUN,499910270,rolam1@xyz.com,31-12-1988,11-02-2013
I1010,Komalin Singh,SectorD 64,Old Gokham Road,PUNE,128591236,kingh1@xyz.com,31-03-1991,10-05-2013
I1011,AMRIT KANOOR,CB2/47 FLATS,Saket,DELHI,279970701,anoor@xyz.com,02-01-1992,05-01-2015
I1012,MONIKA TARORESH,B1/100,Saket,DELHI,129999234,mresh@xyz.com,02-01-1982,05-01-2015
I1013,ROHAN KUNWAR,C3051,LN GARDEN,DELHI,161109811,rnwar100@xyz.com,11-10-1998,05-01-2016
I1014,RAJAT KUNWAR,HN-V207,SECTOR 09,NOIDA,321109811,rnwar2@xyz.com,11-10-1998,05-01-2016
I1015,ABHISHIK SHARMA,A2,JAN,DELHI,529898980,aarma2@xyz.com,12-10-1982,06-03-2018
I1019,RAJAT KANOOR,B501/1 POCKET 109,JAN,DELHI,379925657,rnoor176@xyz.com,12-10-1983,02-03-2018
I1020,Rohan Kunwar,A-2589,NL GARDEN,DELHI,279899998,rnwar1@xyz.com,11-10-1989,03-01-2017
I1021,Lalish Sharma,B2-4010,Saket,DELHI,289099998,larma@xyz.com,13-10-1989,03-01-2017
I1022,Moniiika Bajaj,MLLF,Phase 1,PUNE,280810108,majaj@xyz.com,13-10-1992,03-01-2016
I1023,Devender Kanoor,Q102/3 Sector 39,JB,DELHI,389934691,dnoor@xyz.com,11-10-1982,26-02-2018
I1024,Gavinder Kunwar,B1302-Jayee M Apt,JB,DELHI,419976875,gnwar@xyz.com,11-10-1985,12-10-2018
I1025,AAURAV GUPTEY,D241-Jayee M Apt,JB,DELHI,579976878,aptey@xyz.com,11-12-1987,16-10-2018
I1026,David Zergs,M123/48,Gulomohar Park,PUNE,112999998,dergs@xyz.com,18-12-1987,17-10-2018
I1027,KONIKA KANOOR,C2-43111,TECH,PUNE,238890997,knoor1@xyz.com,11-10-1980,07-01-2018
I1028,BAJAT SHARMA,SECTORD 13  POCKET 7,BAS,PUNE,329999998,barma1@xyz.com,15-01-1989,02-01-2019
I1029,ROHIT KANOOR,256 MLLF ,PHASE 7,PUNE,516000880,rnoor167@xyz.com,11-10-1988,04-04-2017
I1030,RONIKA SHARMA,MAHDA SFL FLAT,PT 2,PUNE,156000887,rarma1@xyz.com,11-10-1990,04-04-2017
I1031,AVIKANTIK GUPTA,Z-3435, PHASE 11,GURGAON,299900987,aupta1@xyz.com,11-10-1989,11-04-2018
I1032,ROSHMAL TIWARI,102,DR6,GURGAON,349900009,rwari@xyz.com,07-10-1989,11-04-2018
I1033,MONIKA KANOOR,A801 PRAYAG Bldng,SEC 31,DELHI,430000021,mnoor@xyz.com,02-01-1992,13-04-2018
I1034,RANJAN SINGHAY,AB222/54,BHO 23,GURGAON,161234009,rghay1@xyz.com,08-10-1989,13-04-2018
I1035,SANOJ TIWARI,BC-902,SEC 56,GURGAON,179999908,swari@xyz.com,06-10-1990,13-12-2018
I1036,ROBERT STOKES,417,UV 2,PUNE,189900001,rokes1@xyz.com,16-10-1989,13-12-2018
I1037,MIKE Marshall,CB2-1413,VASANT VIHAR,PUNE,190000007,mhall@xyz.com,22-10-1989,11-12-2018
I1038,RAJATAVA MOHAJAN,BK321 POCKET 19,SECTOR 71,NOIDA,209965454,rajan@xyz.com,03-12-1991,02-01-2019
I1039,ROHIT GUPTA,429 POCKET 28,SECTOR 45,PUNE,219960004,rupta@xyz.com,06-12-1991,02-01-2019
I1040,SAMIRANN SHARMA,B781 JYAES MAA APT,SECTOR 2,DELHI,229960009,sarma100@xyz.com,02-01-1990,03-01-2019
I1041,DEEVANKAR SHARMA,392/7 ,Indra Nagar,DEHRADUN,239900898,darma@xyz.com,06-04-1991,05-01-2019
I1042,AKHILESH GUNJAL,K1901 ,KP,PUNE,249900811,anjal12@xyz.com,06-05-1991,05-01-2019
I1043,GAGAN KANOOR,CA8/17,Saket,DELHI,257768765,gnoor13@xyz.com,11-10-1989,11-01-2001
I1044,GAGAN KANOOR,C9/1500,PV,GURGAON,267700065,gnoor14@xyz.com,11-10-1991,11-01-2001
I1045,BAJAT SHARMA,Z119,Indra Nagar,DEHRADUN,278878654,barma@xyz.com,11-05-1991,03-02-2019
I1046,KOMALL KANOOR,B2-1091 ,SECTOR 31,NOIDA,288822114,knoor@xyz.com,11-12-1991,03-02-2019
I1047,MANIKESH NARULA,P378,SECTOR 29,PUNE,298876756,mrula@xyz.com,16-01-1992,03-02-2019
I1048,MOHAN SHARMA,A487,SECTOR 36,PUNE,301100056,marma10@xyz.com,13-05-1992,03-05-2019
I1049,RAGVINDER KANOOR,B141 APT,SECTOR 26,DELHI,311100011,rnoor@xyz.com,13-12-1994,07-05-2019
I1050,ABHIS KUNWAR SHARMA,A519,SECTOR 17,PUNE,327756769,aarma@xyz.com,02-01-1997,07-06-2019
I1051,RONITA Bajal,C8/134,JANAK PURI,DELHI,337756111,rajal@xyz.com,02-01-1999,08-06-2019
I1052,MAHENDER SINGHAY,BQ6276 ,SECTOR 9,PUNE,349909909,mghay@xyz.com,05-01-1984,08-07-2019
I1053,Ainul Haque,MLLF PHASE 211,SECTOR 8,PUNE,351800901,aaque@xyz.com,05-01-1980,09-07-2019
I1054,RANJITA Golam,POCKET 205,SECTOR 19,DELHI,369989887,rolam@xyz.com,02-10-1998,09-08-2019
I1055,ASHUTOSH KUNWAR,T2104,Saket,DELHI,379111117,aswar21@xyz.com,02-10-1998,09-08-2019
I1056,RAJNEEV SHARMA,T203 STREET NO1,RN ,PUNE,388775676,rarma@xyz.com,13-12-1998,10-09-2019
I1057,LABHINAV GHOSH,HN 705,SECTOR 4,PUNE,398777770,lhosh@xyz.com,02-01-1998,10-09-2019
I1058,PUNMY SINGHAY,TEACHERS PARK,SECTOR 7,PUNE,409967547,pghay@xyz.com,10-01-1999,19-09-2019
I1059,AMAN MUDDSGA,B652 - POLICE PARK,Kalyani Nagar,PUNE,419978786,adsga@xyz.com,20-10-1989,22-12-2019
I1060,GAURAM GUPTA,HOUSE NO  3576,Talegaon,PUNE,429900898,gupta@xyz.com,11-01-1987,11-12-2019
I1061,RAGHUSHER SINGH,B42/9 TEACHERS PARK,SECTOR 39,PUNE,439978787,ringh101@xyz.com,02-10-1997,13-12-2019
I1062,ABHISHEK KUNWAR,CC7631,D PHASE 31,GURGAON,449978111,abwar22@xyz.com,04-12-1999,16-12-2019
I1063,GAGAN KANOOR,221 SHUDYOUG VINAR,SECTOR 41,PUNE,459980807,gnoor@xyz.com,11-10-1998,22-12-2019
I1064,RAJ KUNWAR,HN 129 LANE 3,SECTOR 26,PUNE,469989898,rnwar@xyz.com,13-12-1989,21-12-2019
I1065,SUNDEEP SHARMA,SECTORD 32,G COLONY,PUNE,479989897,sarma23@xyz.com,26-12-1989,26-12-2019
I1066,JOHN BHIST,HN 42 SIDDA COLONY,Shivaji Nagar,PUNE,489989890,jhist@xyz.com,02-01-1998,16-12-2019
I1067,SHARAN PRASAD,896/3 TEACHERS PARK,M ROAD,PUNE,498644616,sasad@xyz.com,11-09-1992,02-01-2020
I1068,SUNANDAN SHARMA,HN 125 LANE NO 4,R NAGAR,PUNE,508898987,sarma35@xyz.com,05-10-1990,02-01-2020
I1069,GOPINATH CHARAN,HN 1271/4,ANDHARI EAST,MUMBAI,518890001,garan@xyz.com,05-03-1990,02-01-2020
I1070,RANJANI RAO,42/11 MAGEETA COLONY,ANDHARI EAST,MUMBAI,529900909,rrao@xyz.com,11-10-1999,02-01-2020
I1071,SWARDIK SHARMA,47 GP ZAS Flat,ANDHARI WEST,MUMBAI,539900005,sarma123@xyz.com,16-03-1997,03-01-2020
I1072,SARVANNAN KUMAR,SECTOR 19,Phase 20,DELHI,549988097,sumar231@xyz.com,11-10-1991,03-02-2020
I1073,RAJIN SOOD,21223 UDYOG VIHAR,Sec 4,PUNE,557656564,rsood@xyz.com,11-10-1989,04-02-2020
I1074,SUJAY SHRISTAVA,SURBHAYA APARTMENTS,Saket,DELHI,568898907,stava@xyz.com,11-10-1999,14-03-2020
I1075,MAHAJAY MALIK,C7-352,G COLONY,PUNE,577787654,malik27@xyz.com,11-11-1999,05-01-2020
I1076,RAHOO SINGH,HN107 LANE 17,K Junction,MUMBAI,589989765,ringh29@xyz.com,02-01-1998,04-04-2020
I1077,MAHAJAY MALIK,HN502/41,R ROAD,DEHRADUN,599909876,malik34@xyz.com,11-10-1997,06-04-2020
I1078,ALBERT SONAT,HN 170 LANE 11,Kharadi,PUNE,609909090,aonat@xyz.com,11-01-1997,14-04-2020
I1079,ROBERT BENSTOKES,BB6/35 LANE 8,P STREET,PUNE,619900998,rokes@xyz.com,02-10-1998,16-04-2020
I1080,SUKESH HANSAL,HN150 BLOCK 8,Jyo APARTMENTS,PUNE,629999090,snsal@xyz.com,11-10-1995,18-05-2020
I1081,PRASHANT AHOYE,MLLF PHASE 22,Sec 33,PUNE,631123565,phoye@xyz.com,11-09-1995,20-04-2000
I1082,AZGHAR KHAN,HN 118 LANE 7,RAA FlatS,PUNE,641134321,akhan@xyz.com,11-10-1994,26-04-2000
I1083,SRITIKA GUPTA,MAWAN APARTMENTS,SECTOR 171,PUNE,657787876,supta141@xyz.com,02-10-1990,27-04-2020
I1084,SMARTI SONI,NAVSHG APARTMENTS, SECTOR 52,DELHI,669987654,ssoni@xyz.com,11-03-1989,29-04-2020
I1085,AJAY Golam,HN4125,R ROAD,DEHRADUN,671145453,aolam@xyz.com,08-05-1990,02-05-2020
I1086,ROHAN SONAT,H18-LANE 21,R GARDEN,DELHI,689976543,ronat@xyz.com,11-01-1991,03-05-2020
I1087,BHUSHAN SOOD,X3/43,SECTOR 27,PUNE,691114656,bsood@xyz.com,14-05-1990,07-05-2021
I1088,SANJESH GOYAL,T36/8,KP,PUNE,110001243,soyal@xyz.com,13-01-1989,08-05-2020
I1089,SANJEESH SINGH,L651 RNT STATION,SECTOR 31,DELHI,129926789,singh@xyz.com,11-01-1990,09-05-2020
I1090,BAVINDER SINGHAY,181/31,SECTOR 15,PUNE,131145654,bghay191@xyz.com,14-05-1989,15-05-2020
I1091,GAGANESHWAR SHARMA,B5314,ANDHARI EAST,MUMBAI,141109876,garma183@xyz.com,11-05-1998,13-05-2020
I1092,GAGANESHWAR SINGH,HN 950 LANE 3,SECTOR 45,PUNE,151110998,gingh@xyz.com,02-10-1989,11-05-2020
I1093,MAHAJAY MALIK,HN 20 STREET 81,R NAGAR,PUNE,160024567,malik@xyz.com,07-05-1985,12-05-2020
I1094,BALIIDEEP SINGHAY,SECTORD 3,KP,PUNE,171118976,bghay@xyz.com,11-05-1990,10-05-2020
I1095,NAMAN VERMANA,BYG SOCIETY,SECTOR 217,PUNE,181109876,nmana@xyz.com,14-01-1999,13-05-2020
I1096,SHAVINASH GUPTA,HN. 279,R ROAD,DEHRADUN,191119098,supta33@xyz.com,11-05-1997,15-05-2020
I1097,MANTEKDEEP SHARMA,STREET NO 161,R NAGAR,PUNE,209988097,marma@xyz.com,19-05-1998,15-05-2021
I1098,ROHASH SAHHANII,HN 437 ,SECTOR 17,PUNE,211189765,ranii@xyz.com,14-05-1995,18-05-2020
I1099,ABHISHEK SINGHAY,HN 331,L ROAD,PUNE,229999998,aghay29@xyz.com,19-06-1998,19-05-2020
I1100,PAKWINDER SINGH,B332/75,R PARK,PUNE,231189876,pingh@xyz.com,13-05-1998,20-05-2020
I1101,RAKWINDER SINGH,HN 100 BLOCK F,Sec 61,CHANDIGARH,249909812,ringh@xyz.com,14-05-1999,21-05-2020
I1102,SANAAJAY MALIK,HN 520 STREET 13,R NAGAR,PUNE,251111112,salik@xyz.com,16-05-1997,22-05-2020
I1103,KULDEEPSHRESHT SINGH,45/7 LANE 9,R NAGAR,PUNE,269909010,kingh@xyz.com,19-05-1995,23-05-2020
I1104,ABHISHEK KUNWAR,R APARTMENTS,SECTOR 111,DELHI,271111118,abwar999@xyz.com,21-05-1997,24-05-2020
I1105,ABHINAV KUNWAR,BLOCK 59, PHASE 12,GURGAON,289999876,abwar888@xyz.com,14-06-1997,25-05-2020
I1106,RAMINDER SAWAT,HN 217 STREET 69,R NAGER,PUNE,299900999,rawat@xyz.com,11-10-1994,27-05-2020
I1107,KAVILL GUPTA,UDYOGAM,PHASE 53,PUNE,301176565,kupta@xyz.com,14-10-1998,31-05-2020
I1108,SHAVADH KUNWAR,R APARTMENTS,SECTOR 121,PUNE,311145546,snwar@xyz.com,11-05-1990,02-06-2020
I1109,SHANKIT SHARMA,HN 3211,SECTOR38,PUNE,329976543,sarma@xyz.com,14-01-1990,03-06-2020
I1110,BARAJ KUMAR,Okiez Flatss,SECTOR 33,DELHI,339976543,bumar@xyz.com,14-01-1993,04-06-2020
I1111,SHARVIND KUMAR,HN 460 LANe 11,P COLONY,PUNE,341198765,sumar@xyz.com,13-01-1997,05-06-2020
I1112,RANJEET SINGHAY,HN 333,SECTOR 72,GURGAON,359987689,rghay@xyz.com,16-07-1996,06-06-2020
I1113,SRAMOD GUPTA,HN 5 STREET 68,R NAGAR,DEHRADUN,369909012,supta@xyz.com,14-07-1994,07-06-2020
I1114,PANNIT SOOD,HN 410,SECTOR 13E,GURGAON,371178776,psood@xyz.com,18-07-1995,08-06-2020
I1115,VILLAY SINGHAY,HN 720 STREET NO 12,R NAGER,DELHI,381121324,vghay@xyz.com,14-08-1995,09-06-2021
I1116,AKILESH GUNJAL,HN 141/3,SEC 278,NOIDA,391117654,anjal@xyz.com,14-08-1994,10-06-2021
I1117,SHINSHI JUYAAL,NO 75 SECTOR 41,R NAGAR,DELHI,409991108,syaal@xyz.com,11-08-1993,11-05-2021
I1118,GAUSHAV SHARMA,HN 597,SECTOR 171,GURGAON,411178651,garma@xyz.com,11-08-1995,10-07-2020
I1119,PAVAN KUNWAR,HN 316,SECTOR 281,GURGAON,421145431,pnwar@xyz.com,26-08-1994,11-07-2020
I1120,NAVAL KISHOREY,237 P VIHAR,EAST,DELHI,431111801,norey@xyz.com,06-09-1993,11-07-2020
I1121,JITENDRA KUNWAR,SECTOR 48,M APARTMENTS,NOIDA,440090765,jnwar@xyz.com,14-09-1993,12-07-2020
I1122,NAMNAVEEN KUMAR,14-C ROAD ,KP,DEHRADUN,451123456,numar@xyz.com,29-09-1995,13-07-2020
I1123,ABHINAV SINGHAY,249 U VIHAR,PHASE 21,GURGAON,461117670,aghay@xyz.com,02-10-1997,14-07-2020
I1124,ARRIT AGARWAL,HN 810,P COLONY,GURGAON,477654343,arwal@xyz.com,11-10-1992,15-07-2020
I1125,RAVINDER RANAJEE,A2/19, PHASE 29,GURGAON,487765454,rajee@xyz.com,14-10-1995,16-07-2020
I1126,DOYEL BOSE,R LOK,PHASE 28,GURGAON,491111119,dbose@xyz.com,11-10-1992,17-07-2020
I1127,NEHA RAWALEK,5 C ROAD,Indra Nagar,DEHRADUN,501123321,nalek@xyz.com,11-10-1995,17-07-2020
I1128,NIDHITA KHURANA, PHASE 13,SECTOR 48,GURGAON,519909111,nrana@xyz.com,11-06-1991,18-07-2020
I1129,AMAREN GUPTA,SECTOR 1111,Sec 6,DELHI,529999098,aupta765@xyz.com,14-03-1995,21-07-2000
I1130,ASHWETA GUPTA,Ju APARTMENTS,SECTOR 72,DELHI,531112321,aupta235@xyz.com,11-06-1992,21-07-2020
I1131,ABHISHEK SAWAT,HN 920 STREET 17,A NAGAR,DEHRADUN,541115643,aawat@xyz.com,14-01-1995,22-07-2020
I1132,NAVESH BHATT,35 R NAGAR,STREET 63,DEHRADUN,551114321,nhatt@xyz.com,02-01-1990,23-07-2020
I1133,NAVAL KISHOREYY,FLAT NO 181,Vasant VIHAR,DELHI,569923431,nreyy@xyz.com,06-01-1991,24-07-2020
I1134,ROHASH MALHOTRA, APARTMENTS,ANDHARI West,MUMBAI,579924543,rotra@xyz.com,15-03-1993,25-07-2020
I1135,ABHISHEK RANAJEE,HN 5,A NAGAR,DEHRADUN,587767655,aajee@xyz.com,14-06-1995,26-07-2020
